Time,DKe_wind,SE2_wind,SE4_wind
01/01/2015 00:00,0.5392482,0.08950263,0.4465935
01/01/2015 01:00,0.6659831,0.05153251,0.5486006
01/01/2015 02:00,0.5832925,0.02106216,0.6734781
01/01/2015 03:00,0.6704671,0.05213973,0.8761269
01/01/2015 04:00,0.8366543,0.06978495,0.9429667
01/01/2015 05:00,0.7591231,0.05193151,0.932251
01/01/2015 06:00,0.8120242,0.09074521,0.9112709
01/01/2015 07:00,0.9287923,0.1979355,0.9435263
01/01/2015 08:00,0.8473009,0.2313913,0.921456
01/01/2015 09:00,0.7932518,0.1760501,0.8695072
01/01/2015 10:00,0.8662599,0.1713961,0.8589411
01/01/2015 11:00,0.95,0.2512654,0.8427784
01/01/2015 12:00,0.8317544,0.2916318,0.7774338
01/01/2015 13:00,0.8139349,0.1451098,0.9044331
01/01/2015 14:00,0.8483199,0.1208724,0.8815018
01/01/2015 15:00,0.95,0.1808801,0.9288809
01/01/2015 16:00,0.949448,0.3345216,0.9049723
01/01/2015 17:00,0.913353,0.2725572,0.9499999
01/01/2015 18:00,0.95,0.1667168,0.95
01/01/2015 19:00,0.95,0.1667462,0.9499999
01/01/2015 20:00,0.95,0.2568336,0.95
01/01/2015 21:00,0.95,0.2788697,0.95
01/01/2015 22:00,0.95,0.2591332,0.95
01/01/2015 23:00,0.95,0.113092,0.95
02/01/2015 00:00,0.9499999,0.1242559,0.95
02/01/2015 01:00,0.95,0.1811507,0.95
02/01/2015 02:00,0.95,0.2250943,0.95
02/01/2015 03:00,0.95,0.2480019,0.9499999
02/01/2015 04:00,0.95,0.2168312,0.95
02/01/2015 05:00,0.95,0.1538834,0.95
02/01/2015 06:00,0.95,0.1146328,0.95
02/01/2015 07:00,0.95,0.07052304,0.9499999
02/01/2015 08:00,0.95,0.07472797,0.95
02/01/2015 09:00,0.95,0.3685593,0.95
02/01/2015 10:00,0.95,0.95,0.95
02/01/2015 11:00,0.95,0.95,0.95
02/01/2015 12:00,0.95,0.95,0.95
02/01/2015 13:00,0.95,0.9499999,0.9499999
02/01/2015 14:00,0.9499999,0.95,0.95
02/01/2015 15:00,0.95,0.95,0.9499999
02/01/2015 16:00,0.95,0.95,0.95
02/01/2015 17:00,0.95,0.95,0.95
02/01/2015 18:00,0.95,0.9499999,0.95
02/01/2015 19:00,0.9499999,0.9499999,0.95
02/01/2015 20:00,0.95,0.95,0.95
02/01/2015 21:00,0.95,0.95,0.95
02/01/2015 22:00,0.95,0.8934711,0.95
02/01/2015 23:00,0.9499999,0.9235488,0.9499999
03/01/2015 00:00,0.9444191,0.7150557,0.95
03/01/2015 01:00,0.9444191,0.9159763,0.95
03/01/2015 02:00,0.9444191,0.95,0.9499999
03/01/2015 03:00,0.9444191,0.95,0.95
03/01/2015 04:00,0.9444191,0.9499999,0.95
03/01/2015 05:00,0.9444191,0.9499999,0.95
03/01/2015 06:00,0.9444191,0.95,0.9499999
03/01/2015 07:00,0.95,0.95,0.95
03/01/2015 08:00,0.95,0.95,0.9499999
03/01/2015 09:00,0.95,0.95,0.95
03/01/2015 10:00,0.9206936,0.95,0.9499999
03/01/2015 11:00,0.95,0.7911428,0.9499999
03/01/2015 12:00,0.95,0.6387603,0.9499999
03/01/2015 13:00,0.9499999,0.7297952,0.9422429
03/01/2015 14:00,0.95,0.7906129,0.9368393
03/01/2015 15:00,0.9499999,0.7553461,0.95
03/01/2015 16:00,0.95,0.9189912,0.95
03/01/2015 17:00,0.95,0.7800479,0.95
03/01/2015 18:00,0.940347,0.9168713,0.95
03/01/2015 19:00,0.95,0.8477994,0.95
03/01/2015 20:00,0.95,0.7277698,0.95
03/01/2015 21:00,0.9499999,0.9386855,0.95
03/01/2015 22:00,0.95,0.95,0.95
03/01/2015 23:00,0.9316603,0.95,0.95
04/01/2015 00:00,0.95,0.95,0.95
04/01/2015 01:00,0.95,0.95,0.95
04/01/2015 02:00,0.9499999,0.95,0.95
04/01/2015 03:00,0.9499999,0.95,0.95
04/01/2015 04:00,0.9499999,0.95,0.9499999
04/01/2015 05:00,0.95,0.95,0.95
04/01/2015 06:00,0.95,0.95,0.95
04/01/2015 07:00,0.95,0.9499999,0.9491454
04/01/2015 08:00,0.95,0.95,0.9248556
04/01/2015 09:00,0.95,0.95,0.9263806
04/01/2015 10:00,0.95,0.95,0.942959
04/01/2015 11:00,0.95,0.95,0.95
04/01/2015 12:00,0.95,0.95,0.95
04/01/2015 13:00,0.95,0.9499999,0.95
04/01/2015 14:00,0.95,0.95,0.95
04/01/2015 15:00,0.9499999,0.9301992,0.9499999
04/01/2015 16:00,0.95,0.7671055,0.95
04/01/2015 17:00,0.937,0.6174298,0.95
04/01/2015 18:00,0.9318194,0.3473187,0.95
04/01/2015 19:00,0.9055851,0.4426956,0.9499999
04/01/2015 20:00,0.7071585,0.9017366,0.8962148
04/01/2015 21:00,0.6509575,0.8125601,0.9495042
04/01/2015 22:00,0.4875424,0.6724521,0.9469472
04/01/2015 23:00,0.399455,0.5161305,0.95
05/01/2015 00:00,0.5188994,0.4218875,0.7582362
05/01/2015 01:00,0.6254461,0.3833756,0.5101768
05/01/2015 02:00,0.6102017,0.3277026,0.6985784
05/01/2015 03:00,0.8515508,0.3361654,0.7532873
05/01/2015 04:00,0.8534973,0.2642768,0.470926
05/01/2015 05:00,0.8999863,0.1573967,0.4597954
05/01/2015 06:00,0.765301,0.1794457,0.5783463
05/01/2015 07:00,0.9391876,0.2265065,0.1592066
05/01/2015 08:00,0.9135889,0.1312975,0.09464959
05/01/2015 09:00,0.722083,0.08566701,0.06633421
05/01/2015 10:00,0.7164355,0.009920212,0.04513801
05/01/2015 11:00,0.5088678,0.0416167,0.04792391
05/01/2015 12:00,0.4535017,0.01149279,0.03530996
05/01/2015 13:00,0.3039913,0,0.03922838
05/01/2015 14:00,0.2442749,0,0.02357282
05/01/2015 15:00,0.1065554,0,0.03723044
05/01/2015 16:00,0.03955874,0,0.01277664
05/01/2015 17:00,0,0,0.06292655
05/01/2015 18:00,0,0.002363365,0.03375332
05/01/2015 19:00,0.000371085,0.03245631,0.02418683
05/01/2015 20:00,0.03113528,0.008913124,0.03343973
05/01/2015 21:00,0.06028552,0.05655429,0.02065613
05/01/2015 22:00,0.06553599,0.2624724,0.003084625
05/01/2015 23:00,0.09567109,0.5090507,0
06/01/2015 00:00,0.145842,0.462367,0.01445837
06/01/2015 01:00,0.2587059,0.32322,0.01979705
06/01/2015 02:00,0.4038351,0.4246381,0.04572643
06/01/2015 03:00,0.3652299,0.6247647,0.06379059
06/01/2015 04:00,0.2763201,0.5099705,0.1084271
06/01/2015 05:00,0.4318613,0.3689336,0.1845931
06/01/2015 06:00,0.3685576,0.424944,0.2058346
06/01/2015 07:00,0.3242983,0.4753987,0.2845386
06/01/2015 08:00,0.2156559,0.6554002,0.2997965
06/01/2015 09:00,0.3374423,0.4433755,0.3778021
06/01/2015 10:00,0.4681097,0.5057925,0.4148971
06/01/2015 11:00,0.4612961,0.6495844,0.4900832
06/01/2015 12:00,0.3943305,0.6795281,0.4996507
06/01/2015 13:00,0.3269117,0.595224,0.6888711
06/01/2015 14:00,0.6087974,0.5653703,0.6701728
06/01/2015 15:00,0.7251498,0.5459744,0.832866
06/01/2015 16:00,0.5914293,0.6359643,0.9479517
06/01/2015 17:00,0.5022698,0.6153664,0.9241778
06/01/2015 18:00,0.835844,0.6623368,0.95
06/01/2015 19:00,0.8882182,0.47332,0.95
06/01/2015 20:00,0.7133479,0.492321,0.95
06/01/2015 21:00,0.7609962,0.6993004,0.9499999
06/01/2015 22:00,0.5542697,0.4710859,0.95
06/01/2015 23:00,0.7664942,0.4093634,0.95
07/01/2015 00:00,0.624269,0.2113959,0.95
07/01/2015 01:00,0.5447003,0.2102054,0.9499999
07/01/2015 02:00,0.4776213,0.1358868,0.95
07/01/2015 03:00,0.4258704,0.135725,0.95
07/01/2015 04:00,0.4097548,0.1524332,0.95
07/01/2015 05:00,0.2815285,0.2346849,0.95
07/01/2015 06:00,0.2306282,0.2304741,0.95
07/01/2015 07:00,0.1651013,0.2414158,0.7007253
07/01/2015 08:00,0.1652151,0.2497639,0.7037401
07/01/2015 09:00,0.1172225,0.1926821,0.640406
07/01/2015 10:00,0.1443812,0.07893948,0.5427191
07/01/2015 11:00,0.1252906,0.04645269,0.300005
07/01/2015 12:00,0.1193974,0,0.1971736
07/01/2015 13:00,0.1502157,0,0.1759883
07/01/2015 14:00,0.2413586,0.08578955,0.1461422
07/01/2015 15:00,0.3102231,0.1543233,0.1195949
07/01/2015 16:00,0.3126283,0.1863396,0.09447378
07/01/2015 17:00,0.4299341,0.3377548,0.07029405
07/01/2015 18:00,0.4214454,0.4192437,0.1144416
07/01/2015 19:00,0.5895087,0.4464748,0.09557648
07/01/2015 20:00,0.6443994,0.4614774,0.1381835
07/01/2015 21:00,0.3635241,0.3786159,0.2010595
07/01/2015 22:00,0.5296972,0.4950146,0.214374
07/01/2015 23:00,0.5907098,0.5277913,0.3158509
08/01/2015 00:00,0.7568889,0.6479262,0.4128163
08/01/2015 01:00,0.8928196,0.629578,0.6567674
08/01/2015 02:00,0.8873507,0.5864784,0.8064177
08/01/2015 03:00,0.95,0.910637,0.9281296
08/01/2015 04:00,0.95,0.95,0.9499999
08/01/2015 05:00,0.95,0.6254088,0.95
08/01/2015 06:00,0.95,0.4034313,0.95
08/01/2015 07:00,0.95,0.4134996,0.95
08/01/2015 08:00,0.9499999,0.3099955,0.95
08/01/2015 09:00,0.95,0.1820583,0.95
08/01/2015 10:00,0.95,0.1038549,0.95
08/01/2015 11:00,0.95,0.1056757,0.95
08/01/2015 12:00,0.9370944,0.2191082,0.95
08/01/2015 13:00,0.7938682,0.1763318,0.95
08/01/2015 14:00,0.7602553,0.1417382,0.95
08/01/2015 15:00,0.937718,0.1733694,0.9499999
08/01/2015 16:00,0.8363246,0.2323261,0.8960425
08/01/2015 17:00,0.7458489,0.1789036,0.8903523
08/01/2015 18:00,0.7670577,0.1413236,0.6950255
08/01/2015 19:00,0.876334,0.06167366,0.5353311
08/01/2015 20:00,0.9357121,0.02864936,0.6880683
08/01/2015 21:00,0.95,0.06074426,0.8171808
08/01/2015 22:00,0.95,0.1425703,0.95
08/01/2015 23:00,0.95,0.05214626,0.9499999
09/01/2015 00:00,0.95,0.01589485,0.95
09/01/2015 01:00,0.95,0.03324449,0.95
09/01/2015 02:00,0.95,0.0989514,0.95
09/01/2015 03:00,0.95,0.2427576,0.95
09/01/2015 04:00,0.95,0.380772,0.95
09/01/2015 05:00,0.788475,0.3548147,0.95
09/01/2015 06:00,0.9448717,0.3609356,0.9499999
09/01/2015 07:00,0.95,0.3792476,0.95
09/01/2015 08:00,0.95,0.2787665,0.95
09/01/2015 09:00,0.95,0.2402804,0.9499999
09/01/2015 10:00,0.95,0.196979,0.9438449
09/01/2015 11:00,0.95,0.1884493,0.95
09/01/2015 12:00,0.9499999,0.2218743,0.95
09/01/2015 13:00,0.95,0.211975,0.95
09/01/2015 14:00,0.95,0.1734748,0.95
09/01/2015 15:00,0.95,0.1377311,0.9499999
09/01/2015 16:00,0.9499999,0.1269649,0.95
09/01/2015 17:00,0.95,0.08328149,0.95
09/01/2015 18:00,0.95,0.07821028,0.95
09/01/2015 19:00,0.95,0.02289839,0.95
09/01/2015 20:00,0.9499999,0.03708639,0.95
09/01/2015 21:00,0.95,0.04736777,0.9499999
09/01/2015 22:00,0.95,0.01471073,0.95
09/01/2015 23:00,0.95,0.0121797,0.95
10/01/2015 00:00,0.95,0,0.9499999
10/01/2015 01:00,0.8417855,0,0.95
10/01/2015 02:00,0.9098495,0,0.95
10/01/2015 03:00,0.5065649,0,0.9198518
10/01/2015 04:00,0.2090186,0.01329289,0.6961071
10/01/2015 05:00,0.1908168,0.02613287,0.5757835
10/01/2015 06:00,0.5236881,0.02863987,0.4539686
10/01/2015 07:00,0.8364539,0.03421257,0.4072
10/01/2015 08:00,0.95,0.04502575,0.5028762
10/01/2015 09:00,0.95,0.05488161,0.9499999
10/01/2015 10:00,0.9499999,0.141358,0.95
10/01/2015 11:00,0.95,0.1720205,0.95
10/01/2015 12:00,0.95,0.2443519,0.95
10/01/2015 13:00,0.95,0.3822246,0.9499999
10/01/2015 14:00,0.95,0.3873878,0.95
10/01/2015 15:00,0.95,0.3000006,0.95
10/01/2015 16:00,0.95,0.4442201,0.95
10/01/2015 17:00,0.95,0.31747,0.95
10/01/2015 18:00,0.95,0.3760295,0.95
10/01/2015 19:00,0.95,0.3123068,0.9499999
10/01/2015 20:00,0.95,0.174735,0.95
10/01/2015 21:00,0.9334059,0.1695364,0.95
10/01/2015 22:00,0.7579167,0.1275578,0.9250508
10/01/2015 23:00,0.7579167,0.07916224,0.8526332
11/01/2015 00:00,0.7579167,0.08724799,0.8526332
11/01/2015 01:00,0.7579167,0.05401522,0.8526332
11/01/2015 02:00,0.7579167,0.07231854,0.8526332
11/01/2015 03:00,0.7579167,0.08166428,0.8526332
11/01/2015 04:00,0.7579167,0.04519112,0.8526332
11/01/2015 05:00,0.7579167,0.006104237,0.8526332
11/01/2015 06:00,0.7579167,0.01650115,0.8526332
11/01/2015 07:00,0.95,0.02531618,0.8526332
11/01/2015 08:00,0.95,0.01015101,0.8526332
11/01/2015 09:00,0.95,0.01671481,0.8526332
11/01/2015 10:00,0.95,0,0.8526332
11/01/2015 11:00,0.95,0,0.8526332
11/01/2015 12:00,0.95,0,0.9499999
11/01/2015 13:00,0.9499999,0,0.9499999
11/01/2015 14:00,0.95,0,0.95
11/01/2015 15:00,0.95,0.006686843,0.95
11/01/2015 16:00,0.95,0.02344666,0.95
11/01/2015 17:00,0.95,0.04795106,0.95
11/01/2015 18:00,0.95,0.08349442,0.95
11/01/2015 19:00,0.95,0.0700364,0.95
11/01/2015 20:00,0.95,0.1008121,0.9499999
11/01/2015 21:00,0.9499999,0.1620856,0.95
11/01/2015 22:00,0.95,0.2554322,0.95
11/01/2015 23:00,0.931812,0.2676248,0.95
12/01/2015 00:00,0.95,0.2115715,0.95
12/01/2015 01:00,0.95,0.1568552,0.95
12/01/2015 02:00,0.9499999,0.09374949,0.95
12/01/2015 03:00,0.95,0.1004065,0.9499999
12/01/2015 04:00,0.95,0.0870583,0.95
12/01/2015 05:00,0.95,0.02915359,0.95
12/01/2015 06:00,0.95,0.03433014,0.95
12/01/2015 07:00,0.95,0.08362501,0.95
12/01/2015 08:00,0.9499999,0.09645291,0.95
12/01/2015 09:00,0.95,0.1484128,0.95
12/01/2015 10:00,0.9499999,0.07309653,0.95
12/01/2015 11:00,0.95,0.1677291,0.9499999
12/01/2015 12:00,0.95,0.1784722,0.9499999
12/01/2015 13:00,0.95,0.2482612,0.95
12/01/2015 14:00,0.95,0.3744183,0.95
12/01/2015 15:00,0.95,0.5684154,0.95
12/01/2015 16:00,0.95,0.7641679,0.95
12/01/2015 17:00,0.95,0.8051682,0.9499999
12/01/2015 18:00,0.9499999,0.858321,0.95
12/01/2015 19:00,0.95,0.7844188,0.9499999
12/01/2015 20:00,0.95,0.2487947,0.95
12/01/2015 21:00,0.95,0.1458628,0.95
12/01/2015 22:00,0.9499999,0.1747775,0.95
12/01/2015 23:00,0.95,0.1811602,0.95
13/01/2015 00:00,0.9499999,0.1047424,0.95
13/01/2015 01:00,0.95,0.03696084,0.95
13/01/2015 02:00,0.9418882,0.07902358,0.95
13/01/2015 03:00,0.773155,0.201424,0.9198388
13/01/2015 04:00,0.5563916,0.2272231,0.8091144
13/01/2015 05:00,0.6637485,0.2011959,0.7327341
13/01/2015 06:00,0.490669,0.277345,0.6196297
13/01/2015 07:00,0.4011217,0.3071801,0.7336686
13/01/2015 08:00,0.1819066,0.4142372,0.702818
13/01/2015 09:00,0.272996,0.3534712,0.6869652
13/01/2015 10:00,0.3273786,0.6140571,0.7397588
13/01/2015 11:00,0.2748437,0.8313256,0.9488551
13/01/2015 12:00,0.383853,0.7701771,0.95
13/01/2015 13:00,0.3103489,0.5448656,0.95
13/01/2015 14:00,0.3796629,0.4458919,0.95
13/01/2015 15:00,0.3805593,0.4196598,0.95
13/01/2015 16:00,0.5306429,0.4414915,0.95
13/01/2015 17:00,0.93849,0.3463113,0.873302
13/01/2015 18:00,0.95,0.2963873,0.9372487
13/01/2015 19:00,0.95,0.1774269,0.95
13/01/2015 20:00,0.8541132,0.2048877,0.9499999
13/01/2015 21:00,0.6230711,0.3643799,0.95
13/01/2015 22:00,0.4540637,0.2587323,0.95
13/01/2015 23:00,0.7246383,0.2200989,0.8673278
14/01/2015 00:00,0.5900093,0.1021272,0.8312711
14/01/2015 01:00,0.5786664,0.1311611,0.4909222
14/01/2015 02:00,0.5347245,0.1175601,0.3748586
14/01/2015 03:00,0.4827963,0.138612,0.295317
14/01/2015 04:00,0.4892569,0.1430589,0.3504697
14/01/2015 05:00,0.4276213,0.2029313,0.1940098
14/01/2015 06:00,0.4625332,0.1645433,0.3251618
14/01/2015 07:00,0.4063229,0.1321891,0.2636349
14/01/2015 08:00,0.5201167,0.1380891,0.4176879
14/01/2015 09:00,0.6241366,0.1453835,0.4822329
14/01/2015 10:00,0.9132184,0.1142639,0.4297137
14/01/2015 11:00,0.8319848,0.1841405,0.3359255
14/01/2015 12:00,0.6438695,0.1230589,0.5698382
14/01/2015 13:00,0.5500925,0.09715182,0.9155206
14/01/2015 14:00,0.6175842,0.09129994,0.95
14/01/2015 15:00,0.7440692,0.06120668,0.9299405
14/01/2015 16:00,0.6673294,0.06811865,0.8205005
14/01/2015 17:00,0.5441321,0.1031569,0.7141475
14/01/2015 18:00,0.3339669,0.08948854,0.8240318
14/01/2015 19:00,0.5107906,0.08464995,0.6336904
14/01/2015 20:00,0.6715126,0.1144761,0.6249692
14/01/2015 21:00,0.3830911,0.1140486,0.6197178
14/01/2015 22:00,0.5799497,0.2235835,0.5297013
14/01/2015 23:00,0.583775,0.2845269,0.5452355
15/01/2015 00:00,0.6298925,0.3111685,0.4449879
15/01/2015 01:00,0.7178313,0.2022766,0.4319553
15/01/2015 02:00,0.5728743,0.06962274,0.3459537
15/01/2015 03:00,0.6164905,0.08422174,0.392634
15/01/2015 04:00,0.7999111,0.122855,0.463953
15/01/2015 05:00,0.8065482,0.1338487,0.4270215
15/01/2015 06:00,0.9441054,0.2551834,0.3716437
15/01/2015 07:00,0.95,0.5572189,0.5913832
15/01/2015 08:00,0.95,0.6210423,0.95
15/01/2015 09:00,0.95,0.4011474,0.95
15/01/2015 10:00,0.9499999,0.2561935,0.95
15/01/2015 11:00,0.95,0.3231564,0.95
15/01/2015 12:00,0.95,0.7198349,0.95
15/01/2015 13:00,0.95,0.6754352,0.95
15/01/2015 14:00,0.9499999,0.5763541,0.9499999
15/01/2015 15:00,0.95,0.6606115,0.95
15/01/2015 16:00,0.95,0.888613,0.95
15/01/2015 17:00,0.95,0.8550361,0.95
15/01/2015 18:00,0.9499999,0.7689818,0.9499999
15/01/2015 19:00,0.9499999,0.6039233,0.9499999
15/01/2015 20:00,0.95,0.4850945,0.95
15/01/2015 21:00,0.95,0.4073524,0.9499999
15/01/2015 22:00,0.95,0.4414428,0.95
15/01/2015 23:00,0.95,0.3445913,0.95
16/01/2015 00:00,0.95,0.4134786,0.95
16/01/2015 01:00,0.95,0.5513138,0.95
16/01/2015 02:00,0.9499999,0.6242132,0.95
16/01/2015 03:00,0.95,0.6767038,0.95
16/01/2015 04:00,0.95,0.7603772,0.95
16/01/2015 05:00,0.95,0.7004363,0.95
16/01/2015 06:00,0.95,0.7281789,0.95
16/01/2015 07:00,0.95,0.8098834,0.95
16/01/2015 08:00,0.95,0.7241954,0.95
16/01/2015 09:00,0.95,0.9047087,0.9499999
16/01/2015 10:00,0.95,0.9060107,0.95
16/01/2015 11:00,0.95,0.7733224,0.95
16/01/2015 12:00,0.95,0.7908512,0.95
16/01/2015 13:00,0.95,0.5474956,0.9499999
16/01/2015 14:00,0.9499999,0.3911576,0.95
16/01/2015 15:00,0.95,0.474404,0.9499999
16/01/2015 16:00,0.9499999,0.6052163,0.9499999
16/01/2015 17:00,0.9390005,0.4837333,0.95
16/01/2015 18:00,0.8382156,0.4204957,0.95
16/01/2015 19:00,0.7484079,0.3221299,0.95
16/01/2015 20:00,0.6732493,0.633376,0.95
16/01/2015 21:00,0.6558589,0.7641198,0.7926384
16/01/2015 22:00,0.6266224,0.4372469,0.7210458
16/01/2015 23:00,0.4903581,0.3650957,0.8399754
17/01/2015 00:00,0.8112636,0.2298159,0.789314
17/01/2015 01:00,0.3744013,0.2703105,0.6279566
17/01/2015 02:00,0.4791621,0.1853524,0.5027811
17/01/2015 03:00,0.3771739,0.1009774,0.3475349
17/01/2015 04:00,0.2925361,0.1411027,0.2952125
17/01/2015 05:00,0.2859932,0.1573667,0.2707608
17/01/2015 06:00,0.5120535,0.1434556,0.2416837
17/01/2015 07:00,0.3875297,0.1501835,0.304731
17/01/2015 08:00,0.3820384,0.1695662,0.2494551
17/01/2015 09:00,0.489607,0.1337395,0.2772097
17/01/2015 10:00,0.3552905,0.1457919,0.2555888
17/01/2015 11:00,0.4023248,0.06932179,0.2683189
17/01/2015 12:00,0.3434106,0.04984999,0.2503042
17/01/2015 13:00,0.4111665,0.09103164,0.3118544
17/01/2015 14:00,0.3294978,0.1021492,0.434621
17/01/2015 15:00,0.3929519,0.06567475,0.5967636
17/01/2015 16:00,0.6048512,0.09752052,0.4690161
17/01/2015 17:00,0.6659793,0.07772417,0.3574063
17/01/2015 18:00,0.5681216,0.1559701,0.4428428
17/01/2015 19:00,0.6638835,0.1650014,0.4138
17/01/2015 20:00,0.4964464,0.1263425,0.3672858
17/01/2015 21:00,0.5354449,0.1641685,0.4425316
17/01/2015 22:00,0.6484227,0.1264899,0.4246204
17/01/2015 23:00,0.3355814,0.08287638,0.4097053
18/01/2015 00:00,0.3975175,0.07882454,0.2739348
18/01/2015 01:00,0.3584498,0.02776098,0.3045556
18/01/2015 02:00,0.3654614,0.03558061,0.2739971
18/01/2015 03:00,0.3874005,0.05111915,0.1665529
18/01/2015 04:00,0.3277929,0.04235902,0.2139534
18/01/2015 05:00,0.3602628,0.01130483,0.1922437
18/01/2015 06:00,0.4250845,0.006040571,0.1880731
18/01/2015 07:00,0.4816631,0,0.2348952
18/01/2015 08:00,0.5252025,0,0.269215
18/01/2015 09:00,0.4795043,0,0.4244805
18/01/2015 10:00,0.2638504,0,0.6340957
18/01/2015 11:00,0.2686826,0,0.6227568
18/01/2015 12:00,0.3506046,0.000598827,0.5124902
18/01/2015 13:00,0.3587513,0.03311476,0.6389546
18/01/2015 14:00,0.2339316,0.08812635,0.6930957
18/01/2015 15:00,0.3877832,0.09644503,0.6559408
18/01/2015 16:00,0.3383441,0.05438002,0.4968112
18/01/2015 17:00,0.2616799,0.06633444,0.4484409
18/01/2015 18:00,0.2848599,0.07315288,0.5192879
18/01/2015 19:00,0.2882928,0.03629318,0.5789424
18/01/2015 20:00,0.197652,0.04159021,0.471636
18/01/2015 21:00,0.1599226,0.05303675,0.5272935
18/01/2015 22:00,0.115576,0.05835324,0.4178687
18/01/2015 23:00,0.07665894,0.05566622,0.3640652
19/01/2015 00:00,0.06206341,0.06513398,0.2646473
19/01/2015 01:00,0.0278598,0.09953928,0.2036546
19/01/2015 02:00,0,0.1136327,0.2505729
19/01/2015 03:00,0.008720892,0.1464379,0.2391426
19/01/2015 04:00,0.02306169,0.1223962,0.1234522
19/01/2015 05:00,0.0252552,0.05778679,0.09746712
19/01/2015 06:00,0.00323475,0.06450148,0.2180809
19/01/2015 07:00,0.04690991,0.09598549,0.1288442
19/01/2015 08:00,0.06977934,0.106663,0.1476639
19/01/2015 09:00,0.04186514,0.1831786,0.1752946
19/01/2015 10:00,0.04865555,0.1025253,0.1648709
19/01/2015 11:00,0.02721135,0.2405817,0.1970869
19/01/2015 12:00,0.03397137,0.2323532,0.2013376
19/01/2015 13:00,0.02199387,0.2285896,0.2352792
19/01/2015 14:00,0.02517283,0.2164697,0.2196206
19/01/2015 15:00,0.01800421,0.1553316,0.3059762
19/01/2015 16:00,0.07126446,0.1029277,0.2221026
19/01/2015 17:00,0.07992974,0.05803743,0.3849746
19/01/2015 18:00,0.1263327,0.04489771,0.2839259
19/01/2015 19:00,0.08850785,0.04777746,0.2972888
19/01/2015 20:00,0.1604572,0.000263841,0.407376
19/01/2015 21:00,0.1861826,0,0.3704673
19/01/2015 22:00,0.1345071,0,0.2738239
19/01/2015 23:00,0.1388384,0,0.2162384
20/01/2015 00:00,0.1580448,0.001076737,0.3056897
20/01/2015 01:00,0.2073767,0,0.2659829
20/01/2015 02:00,0.2341489,0,0.2705554
20/01/2015 03:00,0.1494721,0,0.2146901
20/01/2015 04:00,0.08840208,0,0.2164536
20/01/2015 05:00,0.1278325,0,0.2769131
20/01/2015 06:00,0.0907987,0,0.2581528
20/01/2015 07:00,0.08653629,0.007326107,0.2473205
20/01/2015 08:00,0.05529194,0.04030318,0.1489342
20/01/2015 09:00,0.1265768,0.02270501,0.1282564
20/01/2015 10:00,0.1407136,0.023741,0.1234424
20/01/2015 11:00,0.0700812,0.0132716,0.1394989
20/01/2015 12:00,0.02728362,0.01223123,0.1101063
20/01/2015 13:00,0,0.01669889,0.105263
20/01/2015 14:00,0.03063426,0.04309051,0.05433108
20/01/2015 15:00,0.03556092,0.08115018,0.1039961
20/01/2015 16:00,0.007293377,0.1346923,0.1901222
20/01/2015 17:00,0.005893687,0.1830747,0.1210708
20/01/2015 18:00,0.0565649,0.3275317,0.1036954
20/01/2015 19:00,0.05103502,0.2568052,0.08766184
20/01/2015 20:00,0.00976751,0.1526262,0.1105249
20/01/2015 21:00,0.004604509,0.1789331,0.07556149
20/01/2015 22:00,0,0.1800429,0.08210677
20/01/2015 23:00,0,0.2737152,0.03638781
21/01/2015 00:00,0,0.1882358,0.04062589
21/01/2015 01:00,0,0.2535501,0.005840198
21/01/2015 02:00,0.003584128,0.2113702,0.003188642
21/01/2015 03:00,0,0.1997255,0.007686368
21/01/2015 04:00,0.00102719,0.129807,0.03956999
21/01/2015 05:00,0.000783535,0.1354258,0.02603397
21/01/2015 06:00,0.007853053,0.1517843,0.08028752
21/01/2015 07:00,0,0.1805623,0.03782013
21/01/2015 08:00,0,0.189581,0.07705542
21/01/2015 09:00,0,0.1797919,0.06527133
21/01/2015 10:00,0,0.11422,0.03653733
21/01/2015 11:00,0,0.164074,0.007425657
21/01/2015 12:00,0,0.1295074,0
21/01/2015 13:00,0,0.1403094,0
21/01/2015 14:00,0.002403231,0.1911024,0.000497479
21/01/2015 15:00,0.009086508,0.1337151,0.002723525
21/01/2015 16:00,0,0.1050953,0
21/01/2015 17:00,0.001979852,0.1459696,0
21/01/2015 18:00,0,0.1312009,0.006836156
21/01/2015 19:00,0,0.1161716,0
21/01/2015 20:00,0.003682272,0.1165979,0
21/01/2015 21:00,0,0.07911866,0.000941294
21/01/2015 22:00,0.009884917,0.1115444,0
21/01/2015 23:00,0.01857276,0.09759767,0
22/01/2015 00:00,0.03684003,0.09530842,0
22/01/2015 01:00,0.06108353,0.06433195,0
22/01/2015 02:00,0.04110634,0.02384652,0
22/01/2015 03:00,0.05616152,0.03749993,0
22/01/2015 04:00,0.07026392,0.04347592,0
22/01/2015 05:00,0.03695129,0.01402071,0
22/01/2015 06:00,0.04433997,0.01389995,0.005000764
22/01/2015 07:00,0.0782557,0.05155669,0.01776754
22/01/2015 08:00,0.08832449,0.06314435,0.00700401
22/01/2015 09:00,0.1021296,0.04457127,0
22/01/2015 10:00,0.09113645,0.01105396,0
22/01/2015 11:00,0.08949722,0.004313146,0
22/01/2015 12:00,0.02590651,0.03465094,0
22/01/2015 13:00,0.01360459,0.006275859,0
22/01/2015 14:00,0.008408878,0,0
22/01/2015 15:00,0.02502291,0,0
22/01/2015 16:00,0,0.02796975,0
22/01/2015 17:00,0,0.03313616,0
22/01/2015 18:00,0,0.03585195,0
22/01/2015 19:00,0,0.02100299,0
22/01/2015 20:00,0,0.01403821,0
22/01/2015 21:00,0,0.01142977,0
22/01/2015 22:00,0,0.007608489,0
22/01/2015 23:00,0,0,0
23/01/2015 00:00,0.003254384,0,0
23/01/2015 01:00,0.004242293,0,0
23/01/2015 02:00,0,0,0
23/01/2015 03:00,0,0,0
23/01/2015 04:00,0.007346008,0,0.007081212
23/01/2015 05:00,0,0,0.006947125
23/01/2015 06:00,0,0,0.02866543
23/01/2015 07:00,0,0,0.05016346
23/01/2015 08:00,0,0,0.04366414
23/01/2015 09:00,0,0,0.05274395
23/01/2015 10:00,0,0,0.02306861
23/01/2015 11:00,0,0,0.0071539
23/01/2015 12:00,0,0,0.0049419
23/01/2015 13:00,0,0,0
23/01/2015 14:00,0,0,0
23/01/2015 15:00,0,0.005098387,0
23/01/2015 16:00,0,0.02564124,0
23/01/2015 17:00,0,0.03340395,0
23/01/2015 18:00,0,0.07548155,0
23/01/2015 19:00,0,0.05875755,0
23/01/2015 20:00,0,0.1419069,0
23/01/2015 21:00,0.03064389,0.2462046,0
23/01/2015 22:00,0.06350432,0.2349325,0
23/01/2015 23:00,0.07771216,0.320117,0.01019592
24/01/2015 00:00,0.2461062,0.2272961,0.01831835
24/01/2015 01:00,0.1292022,0.3301219,0
24/01/2015 02:00,0.358251,0.3293622,0
24/01/2015 03:00,0.3979422,0.2519115,0.001826509
24/01/2015 04:00,0.3667382,0.3533567,0.1053444
24/01/2015 05:00,0.3509253,0.4400103,0.2781185
24/01/2015 06:00,0.5179355,0.4720916,0.2998482
24/01/2015 07:00,0.3186122,0.4692581,0.3079454
24/01/2015 08:00,0.2967598,0.4696323,0.2460692
24/01/2015 09:00,0.3766398,0.4249979,0.321763
24/01/2015 10:00,0.261861,0.4484036,0.2762952
24/01/2015 11:00,0.3003501,0.2840031,0.2113444
24/01/2015 12:00,0.200931,0.3223285,0.150831
24/01/2015 13:00,0.2377481,0.5070812,0.1372667
24/01/2015 14:00,0.132381,0.4193234,0.1358707
24/01/2015 15:00,0.08893883,0.1858148,0.1559449
24/01/2015 16:00,0.1213302,0.2116097,0.0870008
24/01/2015 17:00,0.134838,0.1366622,0.04518192
24/01/2015 18:00,0.1149875,0.1508771,0.0602222
24/01/2015 19:00,0.1311728,0.1053749,0.0424974
24/01/2015 20:00,0.07189826,0.06250493,0.0285366
24/01/2015 21:00,0.1018989,0.09032962,0.05566829
24/01/2015 22:00,0.1660965,0.0755665,0.07177334
24/01/2015 23:00,0.05771472,0.04530971,0.07513118
25/01/2015 00:00,0.09803359,0.0682207,0.0557478
25/01/2015 01:00,0.1624431,0.05710082,0.104583
25/01/2015 02:00,0.2762611,0.07433371,0.1339386
25/01/2015 03:00,0.3041006,0.08330483,0.08712947
25/01/2015 04:00,0.2296706,0.09672401,0.07547108
25/01/2015 05:00,0.2210346,0.1043031,0.03705575
25/01/2015 06:00,0.2159679,0.152302,0.02341511
25/01/2015 07:00,0.2002027,0.1211562,0.03273152
25/01/2015 08:00,0.1976515,0.07034266,0.03009357
25/01/2015 09:00,0.2117589,0.1039885,0.02216588
25/01/2015 10:00,0.1503117,0.08058162,0.0234999
25/01/2015 11:00,0.162776,0.03715323,0.03220917
25/01/2015 12:00,0.1284328,0,0.03240544
25/01/2015 13:00,0.06477558,0,0.03977976
25/01/2015 14:00,0.02908472,0,0.03338559
25/01/2015 15:00,0.1406943,0.02845864,0.0453838
25/01/2015 16:00,0.1855952,0.07777765,0.03868238
25/01/2015 17:00,0.1427354,0.2311113,0.02790135
25/01/2015 18:00,0.1183437,0.3578658,0.02205021
25/01/2015 19:00,0.08879325,0.317349,0.01762277
25/01/2015 20:00,0.04974866,0.4115524,0.003584644
25/01/2015 21:00,0.05887743,0.4668717,0.02160933
25/01/2015 22:00,0.07259493,0.4896145,0.02230912
25/01/2015 23:00,0.08653465,0.4724839,0.01552635
26/01/2015 00:00,0.1404311,0.4629479,0
26/01/2015 01:00,0.2079756,0.4818925,0.001638675
26/01/2015 02:00,0.1770478,0.4493347,0.03644082
26/01/2015 03:00,0.2932884,0.4956059,0.08383991
26/01/2015 04:00,0.3291637,0.4309952,0.1173885
26/01/2015 05:00,0.3566529,0.2769496,0.2339639
26/01/2015 06:00,0.2936912,0.2242689,0.5399051
26/01/2015 07:00,0.5350173,0.2113108,0.3137514
26/01/2015 08:00,0.6123585,0.1714174,0.3767642
26/01/2015 09:00,0.5479851,0.202637,0.5259625
26/01/2015 10:00,0.6484984,0.07869438,0.55638
26/01/2015 11:00,0.5732204,0.1320547,0.6783744
26/01/2015 12:00,0.6866757,0.08313809,0.7697684
26/01/2015 13:00,0.6066329,0.05543885,0.8552231
26/01/2015 14:00,0.5958019,0.04876915,0.8037074
26/01/2015 15:00,0.4697048,0.04097727,0.9400526
26/01/2015 16:00,0.5474247,0.03364265,0.8550925
26/01/2015 17:00,0.3106102,0.02739117,0.9499999
26/01/2015 18:00,0.3105497,0.03799931,0.7761657
26/01/2015 19:00,0.2355233,0.05642784,0.5837559
26/01/2015 20:00,0.3568457,0.01018661,0.4672171
26/01/2015 21:00,0.4517558,0.01541743,0.262776
26/01/2015 22:00,0.3804308,0.04518499,0.1599959
26/01/2015 23:00,0.3574167,0.10294,0.175641
27/01/2015 00:00,0.3379686,0.1487588,0.3273484
27/01/2015 01:00,0.3528717,0.1001633,0.3305141
27/01/2015 02:00,0.468062,0.1198818,0.4397309
27/01/2015 03:00,0.4939704,0.2417202,0.4303099
27/01/2015 04:00,0.4449129,0.2012412,0.5236295
27/01/2015 05:00,0.6275039,0.1199641,0.6889247
27/01/2015 06:00,0.4815778,0.1423167,0.6275241
27/01/2015 07:00,0.3917658,0.1627661,0.5898044
27/01/2015 08:00,0.2425907,0.3072226,0.3892596
27/01/2015 09:00,0.3419684,0.2770589,0.3292347
27/01/2015 10:00,0.3091067,0.3177722,0.2820559
27/01/2015 11:00,0.1879483,0.2453877,0.271751
27/01/2015 12:00,0.1442827,0.169489,0.2237855
27/01/2015 13:00,0.1224151,0.1292223,0.2858912
27/01/2015 14:00,0.2865945,0.137242,0.2358033
27/01/2015 15:00,0.2769524,0.1506806,0.3300407
27/01/2015 16:00,0.1972202,0.1938505,0.5333381
27/01/2015 17:00,0.2847824,0.2347652,0.5086875
27/01/2015 18:00,0.6430072,0.3607917,0.5365133
27/01/2015 19:00,0.6138899,0.2762889,0.4537838
27/01/2015 20:00,0.4440129,0.2897023,0.3860625
27/01/2015 21:00,0.5274571,0.5475023,0.1649591
27/01/2015 22:00,0.3879103,0.5376003,0.1788791
27/01/2015 23:00,0.4346948,0.6476536,0.2077419
28/01/2015 00:00,0.2245732,0.491176,0.346568
28/01/2015 01:00,0.2514268,0.6148399,0.2539798
28/01/2015 02:00,0.3003012,0.5352312,0.2459135
28/01/2015 03:00,0.3176527,0.4720511,0.2476617
28/01/2015 04:00,0.451318,0.2666788,0.3133376
28/01/2015 05:00,0.471341,0.2606529,0.245254
28/01/2015 06:00,0.5629779,0.2472985,0.4858402
28/01/2015 07:00,0.5754397,0.2168993,0.4082454
28/01/2015 08:00,0.7556891,0.2263801,0.6804036
28/01/2015 09:00,0.8326538,0.2108027,0.8794321
28/01/2015 10:00,0.9499999,0.1360331,0.95
28/01/2015 11:00,0.95,0.2273005,0.9492272
28/01/2015 12:00,0.95,0.1606382,0.95
28/01/2015 13:00,0.95,0.1366368,0.95
28/01/2015 14:00,0.9499999,0.1753975,0.95
28/01/2015 15:00,0.95,0.1402347,0.95
28/01/2015 16:00,0.95,0.1409656,0.9499999
28/01/2015 17:00,0.9499999,0.222737,0.95
28/01/2015 18:00,0.95,0.2486956,0.9499999
28/01/2015 19:00,0.95,0.3060358,0.95
28/01/2015 20:00,0.9499999,0.3385637,0.95
28/01/2015 21:00,0.95,0.2203533,0.9499999
28/01/2015 22:00,0.9499999,0.286732,0.95
28/01/2015 23:00,0.8708745,0.2985467,0.95
29/01/2015 00:00,0.9388376,0.336951,0.95
29/01/2015 01:00,0.95,0.3045026,0.95
29/01/2015 02:00,0.95,0.2228957,0.95
29/01/2015 03:00,0.95,0.3136188,0.95
29/01/2015 04:00,0.9499999,0.3629921,0.95
29/01/2015 05:00,0.95,0.2393196,0.9499999
29/01/2015 06:00,0.95,0.2068132,0.95
29/01/2015 07:00,0.95,0.2754141,0.95
29/01/2015 08:00,0.95,0.2559367,0.95
29/01/2015 09:00,0.9189213,0.1879088,0.95
29/01/2015 10:00,0.9389906,0.1028695,0.95
29/01/2015 11:00,0.9499999,0.08562529,0.95
29/01/2015 12:00,0.95,0.1742127,0.95
29/01/2015 13:00,0.9497573,0.1331715,0.9499999
29/01/2015 14:00,0.95,0.1338261,0.9499999
29/01/2015 15:00,0.95,0.2310587,0.9499999
29/01/2015 16:00,0.95,0.4375644,0.95
29/01/2015 17:00,0.9301782,0.4973815,0.95
29/01/2015 18:00,0.910111,0.4785795,0.95
29/01/2015 19:00,0.9077975,0.3508043,0.95
29/01/2015 20:00,0.8035885,0.2950426,0.95
29/01/2015 21:00,0.7173897,0.2568437,0.9455417
29/01/2015 22:00,0.5883681,0.2318467,0.9123597
29/01/2015 23:00,0.5441998,0.1160058,0.7379823
30/01/2015 00:00,0.5202659,0.1169131,0.7062693
30/01/2015 01:00,0.3350996,0.1411543,0.8517252
30/01/2015 02:00,0.2608439,0.1150204,0.7114229
30/01/2015 03:00,0.2594076,0.1007301,0.6595752
30/01/2015 04:00,0.2759652,0.1307565,0.7612878
30/01/2015 05:00,0.09828418,0.1326277,0.5948802
30/01/2015 06:00,0.04679441,0.1561403,0.6681397
30/01/2015 07:00,0.02881012,0.1996882,0.6519458
30/01/2015 08:00,0.07335223,0.1580124,0.5214979
30/01/2015 09:00,0.07725914,0.1410329,0.792254
30/01/2015 10:00,0.007641004,0.1147657,0.7067071
30/01/2015 11:00,0.07796142,0.137009,0.4238107
30/01/2015 12:00,0.08604017,0.2337932,0.3704365
30/01/2015 13:00,0.0157424,0.2391043,0.3452153
30/01/2015 14:00,0.01416926,0.1900333,0.1943054
30/01/2015 15:00,0.08044327,0.1753263,0.3423011
30/01/2015 16:00,0.05466511,0.1552157,0.284445
30/01/2015 17:00,0.04667065,0.1019649,0.1497463
30/01/2015 18:00,0.117091,0.1425138,0.1204126
30/01/2015 19:00,0.1673213,0.1011668,0.09995961
30/01/2015 20:00,0.107249,0.1279756,0.1382371
30/01/2015 21:00,0.08530512,0.1021713,0.04968149
30/01/2015 22:00,0.08163043,0.03943726,0.05786303
30/01/2015 23:00,0.07778912,0.03917331,0.09888088
31/01/2015 00:00,0.2631994,0.02203601,0.05363962
31/01/2015 01:00,0.1192454,0.09237344,0.0175201
31/01/2015 02:00,0.2143964,0.1061469,0.03222806
31/01/2015 03:00,0.1828838,0.0757542,0.07048272
31/01/2015 04:00,0.1415034,0.1292035,0.1112246
31/01/2015 05:00,0.1146186,0.1386987,0.1023176
31/01/2015 06:00,0.1972986,0.1284216,0.08026751
31/01/2015 07:00,0.115022,0.1524228,0.1148526
31/01/2015 08:00,0.08216258,0.1985755,0.08318672
31/01/2015 09:00,0.05691213,0.2234106,0.09055337
31/01/2015 10:00,0.002053227,0.3368638,0.08907746
31/01/2015 11:00,0,0.2543824,0.1040491
31/01/2015 12:00,0,0.1932057,0.08520044
31/01/2015 13:00,0.007491919,0.1965662,0.08088803
31/01/2015 14:00,0.007108429,0.2023457,0.09978317
31/01/2015 15:00,0.02426929,0.1844558,0.1528556
31/01/2015 16:00,0.05476584,0.348165,0.1266467
31/01/2015 17:00,0.04878583,0.3195439,0.1221707
31/01/2015 18:00,0.05500332,0.3906903,0.1797693
31/01/2015 19:00,0.131676,0.2738197,0.1184306
31/01/2015 20:00,0.1126275,0.1507663,0.06715304
31/01/2015 21:00,0.1751864,0.1572458,0.06120121
31/01/2015 22:00,0.3231153,0.1145393,0.02635713
31/01/2015 23:00,0.2065653,0.081792,0.002017948
01/02/2015 00:00,0.2852746,0.1008364,0